Project Name,Package Name,Type Name,MethodName,LOC,CC,PC
books_source_repo,com.sismics.books.activity,BookDetailActivity,onCreate,14,3,1
books_source_repo,com.sismics.books.activity,BookDetailActivity,onOptionsItemSelected,8,2,1
books_source_repo,com.sismics.books.activity,BookListActivity,onCreate,8,2,1
books_source_repo,com.sismics.books.activity,BookListActivity,onItemSelected,14,2,1
books_source_repo,com.sismics.books.activity,BookListActivity,onCreateOptionsMenu,4,1,1
books_source_repo,com.sismics.books.activity,BookListActivity,onOptionsItemSelected,17,3,1
books_source_repo,com.sismics.books.activity,BookListActivity,onFinish,5,1,0
books_source_repo,com.sismics.books.activity,LoginActivity,onCreate,69,3,1
books_source_repo,com.sismics.books.activity,LoginActivity,onComplete,3,1,0
books_source_repo,com.sismics.books.activity,LoginActivity,onClick,37,2,1
books_source_repo,com.sismics.books.activity,LoginActivity,onSuccess,11,1,1
books_source_repo,com.sismics.books.activity,LoginActivity,onComplete,5,1,0
books_source_repo,com.sismics.books.activity,LoginActivity,onFailure,10,2,4
books_source_repo,com.sismics.books.activity,LoginActivity,tryConnect,35,4,0
books_source_repo,com.sismics.books.activity,LoginActivity,onSuccess,10,2,1
books_source_repo,com.sismics.books.activity,LoginActivity,onFailure,4,1,4
books_source_repo,com.sismics.books.activity,LoginActivity,onFinish,3,1,0
books_source_repo,com.sismics.books.adapter,BooksAdapter,BooksAdapter,7,1,2
books_source_repo,com.sismics.books.adapter,BooksAdapter,getView,29,3,3
books_source_repo,com.sismics.books.adapter,BooksAdapter,getCount,3,1,0
books_source_repo,com.sismics.books.adapter,BooksAdapter,getItem,3,1,1
books_source_repo,com.sismics.books.adapter,BooksAdapter,getItemId,3,1,1
books_source_repo,com.sismics.books.fragment,BookDetailFragment,BookDetailFragment,2,1,0
books_source_repo,com.sismics.books.fragment,BookDetailFragment,onCreateView,29,4,3
books_source_repo,com.sismics.books.fragment,BookDetailFragment,onSuccess,17,3,1
books_source_repo,com.sismics.books.fragment,BookListFragment,onItemSelected,0,1,1
books_source_repo,com.sismics.books.fragment,BookListFragment,onItemSelected,2,1,1
books_source_repo,com.sismics.books.fragment,BookListFragment,BookListFragment,2,1,0
books_source_repo,com.sismics.books.fragment,BookListFragment,onCreate,5,1,1
books_source_repo,com.sismics.books.fragment,BookListFragment,refreshBooks,12,2,0
books_source_repo,com.sismics.books.fragment,BookListFragment,onSuccess,7,2,1
books_source_repo,com.sismics.books.fragment,BookListFragment,onCreateOptionsMenu,3,1,2
books_source_repo,com.sismics.books.fragment,BookListFragment,onOptionsItemSelected,14,2,1
books_source_repo,com.sismics.books.fragment,BookListFragment,startActivityForResult,3,1,2
books_source_repo,com.sismics.books.fragment,BookListFragment,onActivityResult,17,2,3
books_source_repo,com.sismics.books.fragment,BookListFragment,onSuccess,4,1,1
books_source_repo,com.sismics.books.fragment,BookListFragment,onFailure,3,1,2
books_source_repo,com.sismics.books.fragment,BookListFragment,onViewCreated,6,2,2
books_source_repo,com.sismics.books.fragment,BookListFragment,onAttach,7,2,1
books_source_repo,com.sismics.books.fragment,BookListFragment,onDetach,4,1,0
books_source_repo,com.sismics.books.fragment,BookListFragment,onListItemClick,4,1,4
books_source_repo,com.sismics.books.fragment,BookListFragment,onSaveInstanceState,6,2,1
books_source_repo,com.sismics.books.fragment,BookListFragment,setActivateOnItemClick,3,1,1
books_source_repo,com.sismics.books.fragment,BookListFragment,setActivatedPosition,9,2,1
books_source_repo,com.sismics.books.fragment,Callbacks,onItemSelected,0,1,1
books_source_repo,com.sismics.books.listener,CallbackListener,onComplete,0,1,0
books_source_repo,com.sismics.books,MainApplication,onCreate,5,1,0
books_source_repo,com.sismics.books,MainApplication,onLowMemory,3,1,0
books_source_repo,com.sismics.books,BaseTransactionalTest,setUp,7,1,0
books_source_repo,com.sismics.books,BaseTransactionalTest,tearDown,2,1,0
books_source_repo,com.sismics.books.model,ApplicationContext,ApplicationContext,2,1,0
books_source_repo,com.sismics.books.model,ApplicationContext,getInstance,6,2,0
books_source_repo,com.sismics.books.model,ApplicationContext,isLoggedIn,3,1,0
books_source_repo,com.sismics.books.model,ApplicationContext,setUserInfo,4,1,2
books_source_repo,com.sismics.books.model,ApplicationContext,fetchUserInfo,15,3,2
books_source_repo,com.sismics.books.model,ApplicationContext,onSuccess,5,2,1
books_source_repo,com.sismics.books.model,ApplicationContext,onFinish,5,2,0
books_source_repo,com.sismics.books.resource,BaseResource,init,13,3,1
books_source_repo,com.sismics.books.resource,BaseResource,MySSLSocketFactory,14,1,1
books_source_repo,com.sismics.books.resource,BaseResource,checkClientTrusted,2,1,2
books_source_repo,com.sismics.books.resource,BaseResource,checkServerTrusted,2,1,2
books_source_repo,com.sismics.books.resource,BaseResource,getAcceptedIssuers,3,1,0
books_source_repo,com.sismics.books.resource,BaseResource,createSocket,3,1,4
books_source_repo,com.sismics.books.resource,BaseResource,createSocket,3,1,0
books_source_repo,com.sismics.books.resource,BaseResource,getApiUrl,7,2,1
books_source_repo,com.sismics.books.resource,MySSLSocketFactory,MySSLSocketFactory,14,1,1
books_source_repo,com.sismics.books.resource,MySSLSocketFactory,checkClientTrusted,2,1,2
books_source_repo,com.sismics.books.resource,MySSLSocketFactory,checkServerTrusted,2,1,2
books_source_repo,com.sismics.books.resource,MySSLSocketFactory,getAcceptedIssuers,3,1,0
books_source_repo,com.sismics.books.resource,MySSLSocketFactory,createSocket,3,1,4
books_source_repo,com.sismics.books.resource,MySSLSocketFactory,createSocket,3,1,0
books_source_repo,com.sismics.books.resource,BookResource,list,4,1,2
books_source_repo,com.sismics.books.resource,BookResource,info,4,1,3
books_source_repo,com.sismics.books.resource,BookResource,add,6,1,3
books_source_repo,com.sismics.books.resource,UserResource,login,8,1,4
books_source_repo,com.sismics.books.resource,UserResource,info,5,1,2
books_source_repo,com.sismics.books.resource,UserResource,logout,5,1,2
books_source_repo,com.sismics.books.util,ApplicationUtil,getVersionName,9,1,1
books_source_repo,com.sismics.books.util,ApplicationUtil,getVersionCode,9,1,1
books_source_repo,com.sismics.books.util,DialogUtil,showOkDialog,12,2,3
books_source_repo,com.sismics.books.util,DialogUtil,onClick,3,1,2
books_source_repo,com.sismics.books.util,DialogUtil,showOkDialog,12,2,3
books_source_repo,com.sismics.books.util,DialogUtil,onClick,3,1,2
books_source_repo,com.sismics.books.util,PreferenceUtil,getBooleanPreference,4,1,3
books_source_repo,com.sismics.books.util,PreferenceUtil,getStringPreference,4,1,2
books_source_repo,com.sismics.books.util,PreferenceUtil,getIntegerPreference,15,1,3
books_source_repo,com.sismics.books.util,PreferenceUtil,setCachedJson,4,1,3
books_source_repo,com.sismics.books.util,PreferenceUtil,getCachedJson,9,1,2
books_source_repo,com.sismics.books.util,PreferenceUtil,setServerUrl,4,1,2
books_source_repo,com.sismics.books.util,PreferenceUtil,resetUserCache,6,1,1
books_source_repo,com.sismics.books.util,PreferenceUtil,getServerUrl,17,5,1
books_source_repo,com.sismics.books.util,PreferenceUtil,getAuthToken,10,3,1
books_source_repo,com.sismics.books.util.form,Validable,getView,3,1,0
books_source_repo,com.sismics.books.util.form,Validable,setView,3,1,1
books_source_repo,com.sismics.books.util.form,Validable,isValidated,3,1,0
books_source_repo,com.sismics.books.util.form,Validable,setValidated,3,1,1
books_source_repo,com.sismics.books.util.form,Validator,Validator,3,1,1
books_source_repo,com.sismics.books.util.form,Validator,setOnValidationChanged,4,1,1
books_source_repo,com.sismics.books.util.form,Validator,addValidable,29,6,3
books_source_repo,com.sismics.books.util.form,Validator,onTextChanged,2,1,4
books_source_repo,com.sismics.books.util.form,Validator,beforeTextChanged,2,1,4
books_source_repo,com.sismics.books.util.form,Validator,afterTextChanged,18,6,1
books_source_repo,com.sismics.books.util.form,Validator,isValidated,3,1,1
books_source_repo,com.sismics.books.util.form,Validator,isValidated,8,3,0
books_source_repo,com.sismics.books.util.form.validator,Alphanumeric,validate,3,1,1
books_source_repo,com.sismics.books.util.form.validator,Alphanumeric,getErrorMessage,3,1,1
books_source_repo,com.sismics.books.util.form.validator,Email,validate,3,1,1
books_source_repo,com.sismics.books.util.form.validator,Email,getErrorMessage,3,1,1
books_source_repo,com.sismics.books.util.form.validator,Length,Length,4,1,2
books_source_repo,com.sismics.books.util.form.validator,Length,validate,4,1,1
books_source_repo,com.sismics.books.util.form.validator,Length,getErrorMessage,6,2,1
books_source_repo,com.sismics.books.util.form.validator,Required,validate,3,1,1
books_source_repo,com.sismics.books.util.form.validator,Required,getErrorMessage,3,1,1
books_source_repo,com.sismics.books.util.form.validator,ValidatorType,validate,0,1,1
books_source_repo,com.sismics.books.util.form.validator,ValidatorType,getErrorMessage,0,1,1
books_source_repo,com.sismics.books.zxing,IntentIntegrator,IntentIntegrator,9,1,1
books_source_repo,com.sismics.books.zxing,IntentIntegrator,getTitle,3,1,0
books_source_repo,com.sismics.books.zxing,IntentIntegrator,setTitle,3,1,1
books_source_repo,com.sismics.books.zxing,IntentIntegrator,setTitleByID,3,1,1
books_source_repo,com.sismics.books.zxing,IntentIntegrator,getMessage,3,1,0
books_source_repo,com.sismics.books.zxing,IntentIntegrator,setMessage,3,1,1
books_source_repo,com.sismics.books.zxing,IntentIntegrator,setMessageByID,3,1,1
books_source_repo,com.sismics.books.zxing,IntentIntegrator,getButtonYes,3,1,0
books_source_repo,com.sismics.books.zxing,IntentIntegrator,setButtonYes,3,1,1
books_source_repo,com.sismics.books.zxing,IntentIntegrator,setButtonYesByID,3,1,1
books_source_repo,com.sismics.books.zxing,IntentIntegrator,getButtonNo,3,1,0
books_source_repo,com.sismics.books.zxing,IntentIntegrator,setButtonNo,3,1,1
books_source_repo,com.sismics.books.zxing,IntentIntegrator,setButtonNoByID,3,1,1
books_source_repo,com.sismics.books.zxing,IntentIntegrator,getTargetApplications,3,1,0
books_source_repo,com.sismics.books.zxing,IntentIntegrator,setTargetApplications,6,2,1
books_source_repo,com.sismics.books.zxing,IntentIntegrator,setSingleTargetApplication,3,1,1
books_source_repo,com.sismics.books.zxing,IntentIntegrator,getMoreExtras,3,1,0
books_source_repo,com.sismics.books.zxing,IntentIntegrator,addExtra,3,1,2
books_source_repo,com.sismics.books.zxing,IntentIntegrator,initiateScan,3,1,0
books_source_repo,com.sismics.books.zxing,IntentIntegrator,initiateScan,24,5,1
books_source_repo,com.sismics.books.zxing,IntentIntegrator,startActivityForResult,3,1,2
books_source_repo,com.sismics.books.zxing,IntentIntegrator,findTargetAppPackage,12,4,1
books_source_repo,com.sismics.books.zxing,IntentIntegrator,contains,9,3,2
books_source_repo,com.sismics.books.zxing,IntentIntegrator,showDownloadDialog,31,2,0
books_source_repo,com.sismics.books.zxing,IntentIntegrator,onClick,17,2,2
books_source_repo,com.sismics.books.zxing,IntentIntegrator,onClick,2,1,2
books_source_repo,com.sismics.books.zxing,IntentIntegrator,parseActivityResult,15,3,3
books_source_repo,com.sismics.books.zxing,IntentIntegrator,shareText,3,1,1
books_source_repo,com.sismics.books.zxing,IntentIntegrator,shareText,17,2,2
books_source_repo,com.sismics.books.zxing,IntentIntegrator,list,3,1,1
books_source_repo,com.sismics.books.zxing,IntentIntegrator,attachMoreExtras,27,8,1
books_source_repo,com.sismics.books.zxing,IntentResult,IntentResult,3,1,0
books_source_repo,com.sismics.books.zxing,IntentResult,IntentResult,7,1,5
books_source_repo,com.sismics.books.zxing,IntentResult,getContents,3,1,0
books_source_repo,com.sismics.books.zxing,IntentResult,getFormatName,3,1,0
books_source_repo,com.sismics.books.zxing,IntentResult,getRawBytes,3,1,0
books_source_repo,com.sismics.books.zxing,IntentResult,getOrientation,3,1,0
books_source_repo,com.sismics.books.zxing,IntentResult,getErrorCorrectionLevel,3,1,0
books_source_repo,com.sismics.books.zxing,IntentResult,toString,10,1,0
books_source_repo,com.sismics.books.core.dao.file.theme,ThemeDao,accept,3,1,2
books_source_repo,com.sismics.books.core.dao.file.theme,ThemeDao,findAll,9,2,0
books_source_repo,com.sismics.books.core.dao.jpa,AuthenticationTokenDao,get,4,1,1
books_source_repo,com.sismics.books.core.dao.jpa,AuthenticationTokenDao,create,7,1,1
books_source_repo,com.sismics.books.core.dao.jpa,AuthenticationTokenDao,delete,10,2,1
books_source_repo,com.sismics.books.core.dao.jpa,AuthenticationTokenDao,deleteOldSessionToken,11,1,1
books_source_repo,com.sismics.books.core.dao.jpa,AuthenticationTokenDao,updateLastConnectionDate,10,1,1
books_source_repo,com.sismics.books.core.dao.jpa,AuthenticationTokenDao,getByUserId,6,1,1
books_source_repo,com.sismics.books.core.dao.jpa,AuthenticationTokenDao,deleteByUserId,7,1,2
books_source_repo,com.sismics.books.core.dao.jpa,BookDao,create,5,1,1
books_source_repo,com.sismics.books.core.dao.jpa,BookDao,getById,9,1,1
books_source_repo,com.sismics.books.core.dao.jpa,BookDao,getByIsbn,11,1,1
books_source_repo,com.sismics.books.core.dao.jpa,ConfigDao,getById,12,2,1
books_source_repo,com.sismics.books.core.dao.jpa,LocaleDao,getById,9,1,1
books_source_repo,com.sismics.books.core.dao.jpa,LocaleDao,findAll,5,1,0
books_source_repo,com.sismics.books.core.dao.jpa,RoleBaseFunctionDao,findByRoleId,9,1,1
books_source_repo,com.sismics.books.core.dao.jpa,TagDao,getById,9,1,1
books_source_repo,com.sismics.books.core.dao.jpa,TagDao,getByUserId,6,1,1
books_source_repo,com.sismics.books.core.dao.jpa,TagDao,updateTagList,13,2,2
books_source_repo,com.sismics.books.core.dao.jpa,TagDao,getByUserBookId,20,2,1
books_source_repo,com.sismics.books.core.dao.jpa,TagDao,create,7,1,1
books_source_repo,com.sismics.books.core.dao.jpa,TagDao,getByName,12,1,2
books_source_repo,com.sismics.books.core.dao.jpa,TagDao,getByTagId,12,1,2
books_source_repo,com.sismics.books.core.dao.jpa,TagDao,delete,11,1,1
books_source_repo,com.sismics.books.core.dao.jpa,TagDao,findByName,7,1,2
books_source_repo,com.sismics.books.core.dao.jpa,UserAppDao,create,8,1,1
books_source_repo,com.sismics.books.core.dao.jpa,UserAppDao,delete,7,1,1
books_source_repo,com.sismics.books.core.dao.jpa,UserAppDao,deleteByUserIdAndAppId,8,1,2
books_source_repo,com.sismics.books.core.dao.jpa,UserAppDao,getActiveById,11,1,1
books_source_repo,com.sismics.books.core.dao.jpa,UserAppDao,getActiveByUserIdAndAppId,16,1,2
books_source_repo,com.sismics.books.core.dao.jpa,UserAppDao,findByUserId,24,2,1
books_source_repo,com.sismics.books.core.dao.jpa,UserAppDao,findConnectedByUserId,22,2,1
books_source_repo,com.sismics.books.core.dao.jpa,UserAppDao,findByAppId,24,2,1
books_source_repo,com.sismics.books.core.dao.jpa,UserAppDao,update,11,1,1
books_source_repo,com.sismics.books.core.dao.jpa,UserBookDao,create,6,1,1
books_source_repo,com.sismics.books.core.dao.jpa,UserBookDao,delete,8,1,1
books_source_repo,com.sismics.books.core.dao.jpa,UserBookDao,getUserBook,12,1,2
books_source_repo,com.sismics.books.core.dao.jpa,UserBookDao,getUserBook,11,1,1
books_source_repo,com.sismics.books.core.dao.jpa,UserBookDao,getByBook,12,1,2
books_source_repo,com.sismics.books.core.dao.jpa,UserBookDao,findByCriteria,51,9,3
books_source_repo,com.sismics.books.core.dao.jpa,UserContactDao,create,8,1,1
books_source_repo,com.sismics.books.core.dao.jpa,UserContactDao,findByUserIdAndAppId,20,2,2
books_source_repo,com.sismics.books.core.dao.jpa,UserContactDao,updateByUserIdAndAppId,12,1,2
books_source_repo,com.sismics.books.core.dao.jpa,UserContactDao,delete,7,1,1
books_source_repo,com.sismics.books.core.dao.jpa,UserContactDao,findByCriteria,36,6,2
books_source_repo,com.sismics.books.core.dao.jpa,UserDao,authenticate,15,2,2
books_source_repo,com.sismics.books.core.dao.jpa,UserDao,create,15,2,1
books_source_repo,com.sismics.books.core.dao.jpa,UserDao,update,11,1,1
books_source_repo,com.sismics.books.core.dao.jpa,UserDao,updatePassword,8,1,1
books_source_repo,com.sismics.books.core.dao.jpa,UserDao,getById,9,1,1
books_source_repo,com.sismics.books.core.dao.jpa,UserDao,getActiveByUsername,11,1,1
books_source_repo,com.sismics.books.core.dao.jpa,UserDao,getActiveByPasswordResetKey,11,1,1
books_source_repo,com.sismics.books.core.dao.jpa,UserDao,delete,11,1,1
books_source_repo,com.sismics.books.core.dao.jpa,UserDao,hashPassword,3,1,1
books_source_repo,com.sismics.books.core.dao.jpa,UserDao,findAll,25,3,2
books_source_repo,com.sismics.books.core.dao.jpa,TestJpa,testJpa,13,1,0
books_source_repo,com.sismics.books.core.dao.jpa.criteria,UserBookCriteria,getUserId,3,1,0
books_source_repo,com.sismics.books.core.dao.jpa.criteria,UserBookCriteria,setUserId,3,1,1
books_source_repo,com.sismics.books.core.dao.jpa.criteria,UserBookCriteria,getSearch,3,1,0
books_source_repo,com.sismics.books.core.dao.jpa.criteria,UserBookCriteria,setSearch,3,1,1
books_source_repo,com.sismics.books.core.dao.jpa.criteria,UserBookCriteria,getTagIdList,3,1,0
books_source_repo,com.sismics.books.core.dao.jpa.criteria,UserBookCriteria,setTagIdList,3,1,1
books_source_repo,com.sismics.books.core.dao.jpa.criteria,UserBookCriteria,getRead,3,1,0
books_source_repo,com.sismics.books.core.dao.jpa.criteria,UserBookCriteria,setRead,3,1,1
books_source_repo,com.sismics.books.core.dao.jpa.criteria,UserContactCriteria,getAppId,3,1,0
books_source_repo,com.sismics.books.core.dao.jpa.criteria,UserContactCriteria,setAppId,3,1,1
books_source_repo,com.sismics.books.core.dao.jpa.criteria,UserContactCriteria,getUserId,3,1,0
books_source_repo,com.sismics.books.core.dao.jpa.criteria,UserContactCriteria,setUserId,3,1,1
books_source_repo,com.sismics.books.core.dao.jpa.criteria,UserContactCriteria,getQuery,3,1,0
books_source_repo,com.sismics.books.core.dao.jpa.criteria,UserContactCriteria,setQuery,3,1,1
books_source_repo,com.sismics.books.core.dao.jpa.dto,TagDto,getId,3,1,0
books_source_repo,com.sismics.books.core.dao.jpa.dto,TagDto,setId,3,1,1
books_source_repo,com.sismics.books.core.dao.jpa.dto,TagDto,getName,3,1,0
books_source_repo,com.sismics.books.core.dao.jpa.dto,TagDto,setName,3,1,1
books_source_repo,com.sismics.books.core.dao.jpa.dto,TagDto,getColor,3,1,0
books_source_repo,com.sismics.books.core.dao.jpa.dto,TagDto,setColor,3,1,1
books_source_repo,com.sismics.books.core.dao.jpa.dto,UserAppDto,getId,3,1,0
books_source_repo,com.sismics.books.core.dao.jpa.dto,UserAppDto,setId,3,1,1
books_source_repo,com.sismics.books.core.dao.jpa.dto,UserAppDto,getUserId,3,1,0
books_source_repo,com.sismics.books.core.dao.jpa.dto,UserAppDto,setUserId,3,1,1
books_source_repo,com.sismics.books.core.dao.jpa.dto,UserAppDto,getAppId,3,1,0
books_source_repo,com.sismics.books.core.dao.jpa.dto,UserAppDto,setAppId,3,1,1
books_source_repo,com.sismics.books.core.dao.jpa.dto,UserAppDto,getAccessToken,3,1,0
books_source_repo,com.sismics.books.core.dao.jpa.dto,UserAppDto,setAccessToken,3,1,1
books_source_repo,com.sismics.books.core.dao.jpa.dto,UserAppDto,getUsername,3,1,0
books_source_repo,com.sismics.books.core.dao.jpa.dto,UserAppDto,setUsername,3,1,1
books_source_repo,com.sismics.books.core.dao.jpa.dto,UserAppDto,isSharing,3,1,0
books_source_repo,com.sismics.books.core.dao.jpa.dto,UserAppDto,setSharing,3,1,1
books_source_repo,com.sismics.books.core.dao.jpa.dto,UserBookDto,getId,3,1,0
books_source_repo,com.sismics.books.core.dao.jpa.dto,UserBookDto,setId,3,1,1
books_source_repo,com.sismics.books.core.dao.jpa.dto,UserBookDto,getTitle,3,1,0
books_source_repo,com.sismics.books.core.dao.jpa.dto,UserBookDto,setTitle,3,1,1
books_source_repo,com.sismics.books.core.dao.jpa.dto,UserBookDto,getSubtitle,3,1,0
books_source_repo,com.sismics.books.core.dao.jpa.dto,UserBookDto,setSubtitle,3,1,1
books_source_repo,com.sismics.books.core.dao.jpa.dto,UserBookDto,getAuthor,3,1,0
books_source_repo,com.sismics.books.core.dao.jpa.dto,UserBookDto,setAuthor,3,1,1
books_source_repo,com.sismics.books.core.dao.jpa.dto,UserBookDto,getLanguage,3,1,0
books_source_repo,com.sismics.books.core.dao.jpa.dto,UserBookDto,setLanguage,3,1,1
books_source_repo,com.sismics.books.core.dao.jpa.dto,UserBookDto,getPublishTimestamp,3,1,0
books_source_repo,com.sismics.books.core.dao.jpa.dto,UserBookDto,setPublishTimestamp,3,1,1
books_source_repo,com.sismics.books.core.dao.jpa.dto,UserBookDto,getCreateTimestamp,3,1,0
books_source_repo,com.sismics.books.core.dao.jpa.dto,UserBookDto,setCreateTimestamp,3,1,1
books_source_repo,com.sismics.books.core.dao.jpa.dto,UserBookDto,getReadTimestamp,3,1,0
books_source_repo,com.sismics.books.core.dao.jpa.dto,UserBookDto,setReadTimestamp,3,1,1
books_source_repo,com.sismics.books.core.dao.jpa.dto,UserContactDto,getId,3,1,0
books_source_repo,com.sismics.books.core.dao.jpa.dto,UserContactDto,setId,3,1,1
books_source_repo,com.sismics.books.core.dao.jpa.dto,UserContactDto,getExternalId,3,1,0
books_source_repo,com.sismics.books.core.dao.jpa.dto,UserContactDto,setExternalId,3,1,1
books_source_repo,com.sismics.books.core.dao.jpa.dto,UserContactDto,getFullName,3,1,0
books_source_repo,com.sismics.books.core.dao.jpa.dto,UserContactDto,setFullName,3,1,1
books_source_repo,com.sismics.books.core.dao.jpa.dto,UserDto,getId,3,1,0
books_source_repo,com.sismics.books.core.dao.jpa.dto,UserDto,setId,3,1,1
books_source_repo,com.sismics.books.core.dao.jpa.dto,UserDto,getLocaleId,3,1,0
books_source_repo,com.sismics.books.core.dao.jpa.dto,UserDto,setLocaleId,3,1,1
books_source_repo,com.sismics.books.core.dao.jpa.dto,UserDto,getUsername,3,1,0
books_source_repo,com.sismics.books.core.dao.jpa.dto,UserDto,setUsername,3,1,1
books_source_repo,com.sismics.books.core.dao.jpa.dto,UserDto,getEmail,3,1,0
books_source_repo,com.sismics.books.core.dao.jpa.dto,UserDto,setEmail,3,1,1
books_source_repo,com.sismics.books.core.dao.jpa.dto,UserDto,getCreateTimestamp,3,1,0
books_source_repo,com.sismics.books.core.dao.jpa.dto,UserDto,setCreateTimestamp,3,1,1
books_source_repo,com.sismics.books.core.event,BookImportedEvent,getUser,3,1,0
books_source_repo,com.sismics.books.core.event,BookImportedEvent,setUser,3,1,1
books_source_repo,com.sismics.books.core.event,BookImportedEvent,getImportFile,3,1,0
books_source_repo,com.sismics.books.core.event,BookImportedEvent,setImportFile,3,1,1
books_source_repo,com.sismics.books.core.event,BookImportedEvent,toString,3,1,0
books_source_repo,com.sismics.books.core.event,UserAppCreatedEvent,getUserApp,3,1,0
books_source_repo,com.sismics.books.core.event,UserAppCreatedEvent,setUserApp,3,1,1
books_source_repo,com.sismics.books.core.event,UserAppCreatedEvent,toString,3,1,0
books_source_repo,com.sismics.books.core.listener.async,BookImportAsyncListener,on,86,14,1
books_source_repo,com.sismics.books.core.listener.async,BookImportAsyncListener,run,78,13,0
books_source_repo,com.sismics.books.core.listener.async,UserAppCreatedAsyncListener,onUserCreated,26,4,1
books_source_repo,com.sismics.books.core.listener.async,UserAppCreatedAsyncListener,run,17,3,0
books_source_repo,com.sismics.books.core.listener.sync,DeadEventListener,onDeadEvent,3,1,1
books_source_repo,com.sismics.books.core.model.context,AppContext,AppContext,7,1,0
books_source_repo,com.sismics.books.core.model.context,AppContext,resetEventBus,9,1,0
books_source_repo,com.sismics.books.core.model.context,AppContext,getInstance,6,2,0
books_source_repo,com.sismics.books.core.model.context,AppContext,newAsyncEventBus,10,2,0
books_source_repo,com.sismics.books.core.model.context,AppContext,getEventBus,3,1,0
books_source_repo,com.sismics.books.core.model.context,AppContext,getAsyncEventBus,3,1,0
books_source_repo,com.sismics.books.core.model.context,AppContext,getImportEventBus,3,1,0
books_source_repo,com.sismics.books.core.model.context,AppContext,getBookDataService,3,1,0
books_source_repo,com.sismics.books.core.model.context,AppContext,getFacebookService,3,1,0
books_source_repo,com.sismics.books.core.model.jpa,App,getId,3,1,0
books_source_repo,com.sismics.books.core.model.jpa,App,setId,3,1,1
books_source_repo,com.sismics.books.core.model.jpa,App,toString,3,1,0
books_source_repo,com.sismics.books.core.model.jpa,AuthenticationToken,getId,3,1,0
books_source_repo,com.sismics.books.core.model.jpa,AuthenticationToken,setId,3,1,1
books_source_repo,com.sismics.books.core.model.jpa,AuthenticationToken,getUserId,3,1,0
books_source_repo,com.sismics.books.core.model.jpa,AuthenticationToken,setUserId,3,1,1
books_source_repo,com.sismics.books.core.model.jpa,AuthenticationToken,isLongLasted,3,1,0
books_source_repo,com.sismics.books.core.model.jpa,AuthenticationToken,setLongLasted,3,1,1
books_source_repo,com.sismics.books.core.model.jpa,AuthenticationToken,getCreationDate,3,1,0
books_source_repo,com.sismics.books.core.model.jpa,AuthenticationToken,setCreationDate,3,1,1
books_source_repo,com.sismics.books.core.model.jpa,AuthenticationToken,getLastConnectionDate,3,1,0
books_source_repo,com.sismics.books.core.model.jpa,AuthenticationToken,setLastConnectionDate,3,1,1
books_source_repo,com.sismics.books.core.model.jpa,AuthenticationToken,toString,3,1,0
books_source_repo,com.sismics.books.core.model.jpa,BaseFunction,getId,3,1,0
books_source_repo,com.sismics.books.core.model.jpa,BaseFunction,setId,3,1,1
books_source_repo,com.sismics.books.core.model.jpa,BaseFunction,toString,3,1,0
books_source_repo,com.sismics.books.core.model.jpa,Book,getId,3,1,0
books_source_repo,com.sismics.books.core.model.jpa,Book,setId,3,1,1
books_source_repo,com.sismics.books.core.model.jpa,Book,getTitle,3,1,0
books_source_repo,com.sismics.books.core.model.jpa,Book,setTitle,3,1,1
books_source_repo,com.sismics.books.core.model.jpa,Book,getSubtitle,3,1,0
books_source_repo,com.sismics.books.core.model.jpa,Book,setSubtitle,3,1,1
books_source_repo,com.sismics.books.core.model.jpa,Book,getAuthor,3,1,0
books_source_repo,com.sismics.books.core.model.jpa,Book,setAuthor,3,1,1
books_source_repo,com.sismics.books.core.model.jpa,Book,getDescription,3,1,0
books_source_repo,com.sismics.books.core.model.jpa,Book,setDescription,3,1,1
books_source_repo,com.sismics.books.core.model.jpa,Book,getIsbn10,3,1,0
books_source_repo,com.sismics.books.core.model.jpa,Book,setIsbn10,3,1,1
books_source_repo,com.sismics.books.core.model.jpa,Book,getIsbn13,3,1,0
books_source_repo,com.sismics.books.core.model.jpa,Book,setIsbn13,3,1,1
books_source_repo,com.sismics.books.core.model.jpa,Book,getPageCount,3,1,0
books_source_repo,com.sismics.books.core.model.jpa,Book,setPageCount,3,1,1
books_source_repo,com.sismics.books.core.model.jpa,Book,getLanguage,3,1,0
books_source_repo,com.sismics.books.core.model.jpa,Book,setLanguage,3,1,1
books_source_repo,com.sismics.books.core.model.jpa,Book,getPublishDate,3,1,0
books_source_repo,com.sismics.books.core.model.jpa,Book,setPublishDate,3,1,1
books_source_repo,com.sismics.books.core.model.jpa,Book,toString,3,1,0
books_source_repo,com.sismics.books.core.model.jpa,Config,getId,3,1,0
books_source_repo,com.sismics.books.core.model.jpa,Config,setId,3,1,1
books_source_repo,com.sismics.books.core.model.jpa,Config,getValue,3,1,0
books_source_repo,com.sismics.books.core.model.jpa,Config,setValue,3,1,1
books_source_repo,com.sismics.books.core.model.jpa,Config,toString,3,1,0
books_source_repo,com.sismics.books.core.model.jpa,Locale,getId,3,1,0
books_source_repo,com.sismics.books.core.model.jpa,Locale,setId,3,1,1
books_source_repo,com.sismics.books.core.model.jpa,Locale,toString,3,1,0
books_source_repo,com.sismics.books.core.model.jpa,Role,getId,3,1,0
books_source_repo,com.sismics.books.core.model.jpa,Role,setId,3,1,1
books_source_repo,com.sismics.books.core.model.jpa,Role,getName,3,1,0
books_source_repo,com.sismics.books.core.model.jpa,Role,setName,3,1,1
books_source_repo,com.sismics.books.core.model.jpa,Role,getCreateDate,3,1,0
books_source_repo,com.sismics.books.core.model.jpa,Role,setCreateDate,3,1,1
books_source_repo,com.sismics.books.core.model.jpa,Role,getDeleteDate,3,1,0
books_source_repo,com.sismics.books.core.model.jpa,Role,setDeleteDate,3,1,1
books_source_repo,com.sismics.books.core.model.jpa,Role,toString,3,1,0
books_source_repo,com.sismics.books.core.model.jpa,RoleBaseFunction,getId,3,1,0
books_source_repo,com.sismics.books.core.model.jpa,RoleBaseFunction,setId,3,1,1
books_source_repo,com.sismics.books.core.model.jpa,RoleBaseFunction,getRoleId,3,1,0
books_source_repo,com.sismics.books.core.model.jpa,RoleBaseFunction,setRoleId,3,1,1
books_source_repo,com.sismics.books.core.model.jpa,RoleBaseFunction,getBaseFunctionId,3,1,0
books_source_repo,com.sismics.books.core.model.jpa,RoleBaseFunction,setBaseFunctionId,3,1,1
books_source_repo,com.sismics.books.core.model.jpa,RoleBaseFunction,getCreateDate,3,1,0
books_source_repo,com.sismics.books.core.model.jpa,RoleBaseFunction,setCreateDate,3,1,1
books_source_repo,com.sismics.books.core.model.jpa,RoleBaseFunction,getDeleteDate,3,1,0
books_source_repo,com.sismics.books.core.model.jpa,RoleBaseFunction,setDeleteDate,3,1,1
books_source_repo,com.sismics.books.core.model.jpa,RoleBaseFunction,toString,3,1,0
books_source_repo,com.sismics.books.core.model.jpa,Tag,getId,3,1,0
books_source_repo,com.sismics.books.core.model.jpa,Tag,setId,3,1,1
books_source_repo,com.sismics.books.core.model.jpa,Tag,getUserId,3,1,0
books_source_repo,com.sismics.books.core.model.jpa,Tag,setUserId,3,1,1
books_source_repo,com.sismics.books.core.model.jpa,Tag,getName,3,1,0
books_source_repo,com.sismics.books.core.model.jpa,Tag,setName,3,1,1
books_source_repo,com.sismics.books.core.model.jpa,Tag,getCreateDate,3,1,0
books_source_repo,com.sismics.books.core.model.jpa,Tag,setCreateDate,3,1,1
books_source_repo,com.sismics.books.core.model.jpa,Tag,getColor,3,1,0
books_source_repo,com.sismics.books.core.model.jpa,Tag,setColor,3,1,1
books_source_repo,com.sismics.books.core.model.jpa,Tag,getDeleteDate,3,1,0
books_source_repo,com.sismics.books.core.model.jpa,Tag,setDeleteDate,3,1,1
books_source_repo,com.sismics.books.core.model.jpa,Tag,toString,3,1,0
books_source_repo,com.sismics.books.core.model.jpa,User,getId,3,1,0
books_source_repo,com.sismics.books.core.model.jpa,User,setId,3,1,1
books_source_repo,com.sismics.books.core.model.jpa,User,getLocaleId,3,1,0
books_source_repo,com.sismics.books.core.model.jpa,User,setLocaleId,3,1,1
books_source_repo,com.sismics.books.core.model.jpa,User,getRoleId,3,1,0
books_source_repo,com.sismics.books.core.model.jpa,User,setRoleId,3,1,1
books_source_repo,com.sismics.books.core.model.jpa,User,getUsername,3,1,0
books_source_repo,com.sismics.books.core.model.jpa,User,setUsername,3,1,1
books_source_repo,com.sismics.books.core.model.jpa,User,getPassword,3,1,0
books_source_repo,com.sismics.books.core.model.jpa,User,setPassword,3,1,1
books_source_repo,com.sismics.books.core.model.jpa,User,getEmail,3,1,0
books_source_repo,com.sismics.books.core.model.jpa,User,setEmail,3,1,1
books_source_repo,com.sismics.books.core.model.jpa,User,getTheme,3,1,0
books_source_repo,com.sismics.books.core.model.jpa,User,setTheme,3,1,1
books_source_repo,com.sismics.books.core.model.jpa,User,isFirstConnection,3,1,0
books_source_repo,com.sismics.books.core.model.jpa,User,setFirstConnection,3,1,1
books_source_repo,com.sismics.books.core.model.jpa,User,getCreateDate,3,1,0
books_source_repo,com.sismics.books.core.model.jpa,User,setCreateDate,3,1,1
books_source_repo,com.sismics.books.core.model.jpa,User,getDeleteDate,3,1,0
books_source_repo,com.sismics.books.core.model.jpa,User,setDeleteDate,3,1,1
books_source_repo,com.sismics.books.core.model.jpa,User,toString,3,1,0
books_source_repo,com.sismics.books.core.model.jpa,UserApp,getId,3,1,0
books_source_repo,com.sismics.books.core.model.jpa,UserApp,setId,3,1,1
books_source_repo,com.sismics.books.core.model.jpa,UserApp,getUserId,3,1,0
books_source_repo,com.sismics.books.core.model.jpa,UserApp,setUserId,3,1,1
books_source_repo,com.sismics.books.core.model.jpa,UserApp,getAppId,3,1,0
books_source_repo,com.sismics.books.core.model.jpa,UserApp,setAppId,3,1,1
books_source_repo,com.sismics.books.core.model.jpa,UserApp,getAccessToken,3,1,0
books_source_repo,com.sismics.books.core.model.jpa,UserApp,setAccessToken,3,1,1
books_source_repo,com.sismics.books.core.model.jpa,UserApp,getExternalId,3,1,0
books_source_repo,com.sismics.books.core.model.jpa,UserApp,setExternalId,3,1,1
books_source_repo,com.sismics.books.core.model.jpa,UserApp,getUsername,3,1,0
books_source_repo,com.sismics.books.core.model.jpa,UserApp,setUsername,3,1,1
books_source_repo,com.sismics.books.core.model.jpa,UserApp,getEmail,3,1,0
books_source_repo,com.sismics.books.core.model.jpa,UserApp,setEmail,3,1,1
books_source_repo,com.sismics.books.core.model.jpa,UserApp,isSharing,3,1,0
books_source_repo,com.sismics.books.core.model.jpa,UserApp,setSharing,3,1,1
books_source_repo,com.sismics.books.core.model.jpa,UserApp,getCreateDate,3,1,0
books_source_repo,com.sismics.books.core.model.jpa,UserApp,setCreateDate,3,1,1
books_source_repo,com.sismics.books.core.model.jpa,UserApp,getDeleteDate,3,1,0
books_source_repo,com.sismics.books.core.model.jpa,UserApp,setDeleteDate,3,1,1
books_source_repo,com.sismics.books.core.model.jpa,UserApp,toString,3,1,0
books_source_repo,com.sismics.books.core.model.jpa,UserBook,getId,3,1,0
books_source_repo,com.sismics.books.core.model.jpa,UserBook,setId,3,1,1
books_source_repo,com.sismics.books.core.model.jpa,UserBook,getBookId,3,1,0
books_source_repo,com.sismics.books.core.model.jpa,UserBook,setBookId,3,1,1
books_source_repo,com.sismics.books.core.model.jpa,UserBook,getUserId,3,1,0
books_source_repo,com.sismics.books.core.model.jpa,UserBook,setUserId,3,1,1
books_source_repo,com.sismics.books.core.model.jpa,UserBook,getCreateDate,3,1,0
books_source_repo,com.sismics.books.core.model.jpa,UserBook,setCreateDate,3,1,1
books_source_repo,com.sismics.books.core.model.jpa,UserBook,getDeleteDate,3,1,0
books_source_repo,com.sismics.books.core.model.jpa,UserBook,setDeleteDate,3,1,1
books_source_repo,com.sismics.books.core.model.jpa,UserBook,getReadDate,3,1,0
books_source_repo,com.sismics.books.core.model.jpa,UserBook,setReadDate,3,1,1
books_source_repo,com.sismics.books.core.model.jpa,UserBook,hashCode,7,1,0
books_source_repo,com.sismics.books.core.model.jpa,UserBook,equals,29,10,1
books_source_repo,com.sismics.books.core.model.jpa,UserBook,toString,3,1,0
books_source_repo,com.sismics.books.core.model.jpa,UserBookTag,getId,3,1,0
books_source_repo,com.sismics.books.core.model.jpa,UserBookTag,setId,3,1,1
books_source_repo,com.sismics.books.core.model.jpa,UserBookTag,getUserBookId,3,1,0
books_source_repo,com.sismics.books.core.model.jpa,UserBookTag,setUserBookId,3,1,1
books_source_repo,com.sismics.books.core.model.jpa,UserBookTag,getTagId,3,1,0
books_source_repo,com.sismics.books.core.model.jpa,UserBookTag,setTagId,3,1,1
books_source_repo,com.sismics.books.core.model.jpa,UserBookTag,hashCode,7,1,0
books_source_repo,com.sismics.books.core.model.jpa,UserBookTag,equals,29,10,1
books_source_repo,com.sismics.books.core.model.jpa,UserBookTag,toString,3,1,0
books_source_repo,com.sismics.books.core.model.jpa,UserContact,getId,3,1,0
books_source_repo,com.sismics.books.core.model.jpa,UserContact,setId,3,1,1
books_source_repo,com.sismics.books.core.model.jpa,UserContact,getUserId,3,1,0
books_source_repo,com.sismics.books.core.model.jpa,UserContact,setUserId,3,1,1
books_source_repo,com.sismics.books.core.model.jpa,UserContact,getAppId,3,1,0
books_source_repo,com.sismics.books.core.model.jpa,UserContact,setAppId,3,1,1
books_source_repo,com.sismics.books.core.model.jpa,UserContact,getExternalId,3,1,0
books_source_repo,com.sismics.books.core.model.jpa,UserContact,setExternalId,3,1,1
books_source_repo,com.sismics.books.core.model.jpa,UserContact,getFullName,3,1,0
books_source_repo,com.sismics.books.core.model.jpa,UserContact,setFullName,3,1,1
books_source_repo,com.sismics.books.core.model.jpa,UserContact,getEmail,3,1,0
books_source_repo,com.sismics.books.core.model.jpa,UserContact,setEmail,3,1,1
books_source_repo,com.sismics.books.core.model.jpa,UserContact,getCreateDate,3,1,0
books_source_repo,com.sismics.books.core.model.jpa,UserContact,setCreateDate,3,1,1
books_source_repo,com.sismics.books.core.model.jpa,UserContact,getUpdateDate,3,1,0
books_source_repo,com.sismics.books.core.model.jpa,UserContact,setUpdateDate,3,1,1
books_source_repo,com.sismics.books.core.model.jpa,UserContact,getDeleteDate,3,1,0
books_source_repo,com.sismics.books.core.model.jpa,UserContact,setDeleteDate,3,1,1
books_source_repo,com.sismics.books.core.model.jpa,UserContact,toString,3,1,0
books_source_repo,com.sismics.books.core.service,BookDataService,startUp,7,2,0
books_source_repo,com.sismics.books.core.service,BookDataService,initConfig,8,1,0
books_source_repo,com.sismics.books.core.service,BookDataService,run,3,1,0
books_source_repo,com.sismics.books.core.service,BookDataService,searchBook,31,3,1
books_source_repo,com.sismics.books.core.service,BookDataService,call,16,1,0
books_source_repo,com.sismics.books.core.service,BookDataService,searchBookWithGoogle,48,7,1
books_source_repo,com.sismics.books.core.service,BookDataService,searchBookWithOpenLibrary,44,6,1
books_source_repo,com.sismics.books.core.service,BookDataService,downloadThumbnail,13,2,2
books_source_repo,com.sismics.books.core.service,BookDataService,shutDown,7,2,0
books_source_repo,com.sismics.books.core.service,FacebookService,startUp,5,1,0
books_source_repo,com.sismics.books.core.service,FacebookService,shutDown,2,1,0
books_source_repo,com.sismics.books.core.service,FacebookService,runOneIteration,8,1,0
books_source_repo,com.sismics.books.core.service,FacebookService,run,3,1,0
books_source_repo,com.sismics.books.core.service,FacebookService,synchronizeAllContact,18,4,0
books_source_repo,com.sismics.books.core.service,FacebookService,scheduler,3,1,0
books_source_repo,com.sismics.books.core.service,FacebookService,getExtendedAccessToken,17,3,1
books_source_repo,com.sismics.books.core.service,FacebookService,validatePermission,34,10,1
books_source_repo,com.sismics.books.core.service,FacebookService,synchronizeContact,38,9,2
books_source_repo,com.sismics.books.core.service,FacebookService,updateUserData,7,1,2
books_source_repo,com.sismics.books.core.service,FacebookService,publishAction,2,1,1
books_source_repo,com.sismics.books.core.service.facebook,AuthenticationException,AuthenticationException,3,1,1
books_source_repo,com.sismics.books.core.service.facebook,PermissionException,PermissionException,3,1,1
books_source_repo,com.sismics.books.core.util,ConfigUtil,getConfigStringValue,8,2,1
books_source_repo,com.sismics.books.core.util,ConfigUtil,getConfigBundle,3,1,0
books_source_repo,com.sismics.books.core.util,ConfigUtil,getConfigIntegerValue,4,1,1
books_source_repo,com.sismics.books.core.util,ConfigUtil,getConfigBooleanValue,4,1,1
books_source_repo,com.sismics.books.core.util,DirectoryUtil,getBaseDataDirectory,21,6,0
books_source_repo,com.sismics.books.core.util,DirectoryUtil,getDbDirectory,3,1,0
books_source_repo,com.sismics.books.core.util,DirectoryUtil,getBookDirectory,3,1,0
books_source_repo,com.sismics.books.core.util,DirectoryUtil,getLogDirectory,3,1,0
books_source_repo,com.sismics.books.core.util,DirectoryUtil,getThemeDirectory,14,3,0
books_source_repo,com.sismics.books.core.util,DirectoryUtil,getDataSubDirectory,8,2,1
books_source_repo,com.sismics.books.core.util,EntityManagerUtil,flush,3,1,0
books_source_repo,com.sismics.books.core.util,StreamUtil,detectGzip,12,2,1
books_source_repo,com.sismics.books.core.util,TransactionUtil,handle,48,6,1
books_source_repo,com.sismics.books.core.util,TransactionUtil,commit,5,1,0
books_source_repo,com.sismics.books.core.util.jpa,PaginatedList,PaginatedList,4,1,2
books_source_repo,com.sismics.books.core.util.jpa,PaginatedList,getResultCount,3,1,0
books_source_repo,com.sismics.books.core.util.jpa,PaginatedList,setResultCount,3,1,1
books_source_repo,com.sismics.books.core.util.jpa,PaginatedList,getResultList,3,1,0
books_source_repo,com.sismics.books.core.util.jpa,PaginatedList,setResultList,3,1,1
books_source_repo,com.sismics.books.core.util.jpa,PaginatedList,getLimit,3,1,0
books_source_repo,com.sismics.books.core.util.jpa,PaginatedList,getOffset,3,1,0
books_source_repo,com.sismics.books.core.util.jpa,PaginatedLists,create,12,4,2
books_source_repo,com.sismics.books.core.util.jpa,PaginatedLists,create,3,1,0
books_source_repo,com.sismics.books.core.util.jpa,PaginatedLists,executeCountQuery,9,1,2
books_source_repo,com.sismics.books.core.util.jpa,PaginatedLists,executeResultQuery,6,1,2
books_source_repo,com.sismics.books.core.util.jpa,PaginatedLists,executePaginatedQuery,4,1,2
books_source_repo,com.sismics.books.core.util.jpa,PaginatedLists,executePaginatedQuery,9,1,3
books_source_repo,com.sismics.books.core.util.jpa,QueryParam,QueryParam,4,1,2
books_source_repo,com.sismics.books.core.util.jpa,QueryParam,getQueryString,3,1,0
books_source_repo,com.sismics.books.core.util.jpa,QueryParam,getParameterMap,3,1,0
books_source_repo,com.sismics.books.core.util.jpa,QueryUtil,getNativeQuery,8,2,1
books_source_repo,com.sismics.books.core.util.jpa,SortCriteria,SortCriteria,8,3,2
books_source_repo,com.sismics.books.core.util.jpa,SortCriteria,getColumn,3,1,0
books_source_repo,com.sismics.books.core.util.jpa,SortCriteria,isAsc,3,1,0
books_source_repo,com.sismics.books.core.util.math,MathUtil,clip,9,3,3
books_source_repo,com.sismics.books.core.util.math,MathUtil,interpolate,4,1,5
books_source_repo,com.sismics.books.core.util.math,MathUtil,randomHexColor,12,3,0
books_source_repo,com.sismics.books.core.util.math,MathUtilTest,testRandomHexColor,5,1,0
books_source_repo,com.sismics.books.core.util.mime,MimeTypeUtil,guessMimeType,10,2,1
books_source_repo,com.sismics.books.core.util.mime,MimeTypeUtil,guessMimeType,22,7,1
books_source_repo,com.sismics.util.context,ThreadLocalContext,ThreadLocalContext,2,1,0
books_source_repo,com.sismics.util.context,ThreadLocalContext,get,8,2,0
books_source_repo,com.sismics.util.context,ThreadLocalContext,cleanup,3,1,0
books_source_repo,com.sismics.util.context,ThreadLocalContext,isInTransactionalContext,3,1,0
books_source_repo,com.sismics.util.context,ThreadLocalContext,getEntityManager,3,1,0
books_source_repo,com.sismics.util.context,ThreadLocalContext,setEntityManager,3,1,1
books_source_repo,com.sismics.util,EnvironmentUtil,isWindows,3,1,0
books_source_repo,com.sismics.util,EnvironmentUtil,isMacOs,3,1,0
books_source_repo,com.sismics.util,EnvironmentUtil,isUnix,3,1,0
books_source_repo,com.sismics.util,EnvironmentUtil,isUnitTest,3,1,0
books_source_repo,com.sismics.util,EnvironmentUtil,getWindowsAppData,3,1,0
books_source_repo,com.sismics.util,EnvironmentUtil,getMacOsUserHome,3,1,0
books_source_repo,com.sismics.util,EnvironmentUtil,getBooksHome,3,1,0
books_source_repo,com.sismics.util,EnvironmentUtil,getWebappRoot,3,1,0
books_source_repo,com.sismics.util,EnvironmentUtil,setWebappRoot,3,1,1
books_source_repo,com.sismics.util,HttpUtil,readUrlIntoString,29,4,1
books_source_repo,com.sismics.util,HttpUtil,postUrl,34,4,2
books_source_repo,com.sismics.util,LocaleUtil,getLocale,13,3,1
books_source_repo,com.sismics.util,LocaleUtil,getLocaleIdFromAcceptLanguage,21,5,1
books_source_repo,com.sismics.util,ResourceUtil,list,45,11,3
books_source_repo,com.sismics.util,ResourceUtil,list,3,1,2
books_source_repo,com.sismics.util,TestResourceUtil,listFilesTest,10,1,0
books_source_repo,com.sismics.util.jpa,DbOpenHelper,DbOpenHelper,6,1,1
books_source_repo,com.sismics.util.jpa,DbOpenHelper,open,77,7,0
books_source_repo,com.sismics.util.jpa,DbOpenHelper,executeAllScript,17,3,1
books_source_repo,com.sismics.util.jpa,DbOpenHelper,accept,4,1,2
books_source_repo,com.sismics.util.jpa,DbOpenHelper,executeScript,27,6,1
books_source_repo,com.sismics.util.jpa,DbOpenHelper,onCreate,0,1,0
books_source_repo,com.sismics.util.jpa,DbOpenHelper,onUpgrade,0,1,2
books_source_repo,com.sismics.util.jpa,DbOpenHelper,getExceptions,3,1,0
books_source_repo,com.sismics.util.jpa,DbOpenHelper,setHaltOnError,3,1,1
books_source_repo,com.sismics.util.jpa,DbOpenHelper,setFormat,3,1,1
books_source_repo,com.sismics.util.jpa,EMF,onCreate,3,1,0
books_source_repo,com.sismics.util.jpa,EMF,onUpgrade,5,2,2
books_source_repo,com.sismics.util.jpa,EMF,getEntityManagerProperties,30,2,0
books_source_repo,com.sismics.util.jpa,EMF,EMF,2,1,0
books_source_repo,com.sismics.util.jpa,EMF,get,3,1,0
books_source_repo,com.sismics.util.jpa,ManagedProviderConnectionHelper,ManagedProviderConnectionHelper,3,1,1
books_source_repo,com.sismics.util.jpa,ManagedProviderConnectionHelper,prepare,8,2,1
books_source_repo,com.sismics.util.jpa,ManagedProviderConnectionHelper,createServiceRegistry,5,1,1
books_source_repo,com.sismics.util.jpa,ManagedProviderConnectionHelper,getConnection,3,1,0
books_source_repo,com.sismics.util.jpa,ManagedProviderConnectionHelper,release,8,1,0
books_source_repo,com.sismics.util.jpa,ManagedProviderConnectionHelper,releaseConnection,15,2,0
books_source_repo,com.sismics.util.jpa,ManagedProviderConnectionHelper,releaseServiceRegistry,10,2,0
books_source_repo,com.sismics.util.jpa,SessionUtil,SessionUtil,2,1,0
books_source_repo,com.sismics.util.jpa,SessionUtil,getCurrentSession,4,1,0
books_source_repo,com.sismics.util.jpa,SuppliedConnectionProviderConnectionHelper,SuppliedConnectionProviderConnectionHelper,3,1,1
books_source_repo,com.sismics.util.jpa,SuppliedConnectionProviderConnectionHelper,prepare,12,2,1
books_source_repo,com.sismics.util.jpa,SuppliedConnectionProviderConnectionHelper,getConnection,3,1,0
books_source_repo,com.sismics.util.jpa,SuppliedConnectionProviderConnectionHelper,release,10,3,0
books_source_repo,com.sismics.util.log4j,LogCriteria,getLevel,3,1,0
books_source_repo,com.sismics.util.log4j,LogCriteria,setLevel,3,1,1
books_source_repo,com.sismics.util.log4j,LogCriteria,getTag,3,1,0
books_source_repo,com.sismics.util.log4j,LogCriteria,setTag,3,1,1
books_source_repo,com.sismics.util.log4j,LogCriteria,getMessage,3,1,0
books_source_repo,com.sismics.util.log4j,LogCriteria,setMessage,3,1,1
books_source_repo,com.sismics.util.log4j,LogEntry,LogEntry,6,1,4
books_source_repo,com.sismics.util.log4j,LogEntry,getTimestamp,3,1,0
books_source_repo,com.sismics.util.log4j,LogEntry,getLevel,3,1,0
books_source_repo,com.sismics.util.log4j,LogEntry,getTag,3,1,0
books_source_repo,com.sismics.util.log4j,LogEntry,getMessage,3,1,0
books_source_repo,com.sismics.util.log4j,MemoryAppender,requiresLayout,3,1,0
books_source_repo,com.sismics.util.log4j,MemoryAppender,close,6,2,0
books_source_repo,com.sismics.util.log4j,MemoryAppender,append,12,3,1
books_source_repo,com.sismics.util.log4j,MemoryAppender,getLoggerName,4,1,1
books_source_repo,com.sismics.util.log4j,MemoryAppender,getLogList,3,1,0
books_source_repo,com.sismics.util.log4j,MemoryAppender,setSize,3,1,1
books_source_repo,com.sismics.util.log4j,MemoryAppender,find,25,5,2
books_source_repo,com.sismics.books.rest.resource,AppResource,info,15,2,0
books_source_repo,com.sismics.books.rest.resource,AppResource,update,13,2,1
books_source_repo,com.sismics.books.rest.resource,AppResource,log,31,4,5
books_source_repo,com.sismics.books.rest.resource,BaseResource,authenticate,10,2,0
books_source_repo,com.sismics.books.rest.resource,BaseResource,checkBaseFunction,5,2,1
books_source_repo,com.sismics.books.rest.resource,BaseResource,hasBaseFunction,7,2,1
books_source_repo,com.sismics.books.rest.resource,BookResource,add,32,4,1
books_source_repo,com.sismics.books.rest.resource,BookResource,delete,14,3,1
books_source_repo,com.sismics.books.rest.resource,BookResource,add,77,17,10
books_source_repo,com.sismics.books.rest.resource,BookResource,update,78,20,11
books_source_repo,com.sismics.books.rest.resource,BookResource,get,41,6,1
books_source_repo,com.sismics.books.rest.resource,BookResource,cover,18,2,1
books_source_repo,com.sismics.books.rest.resource,BookResource,updateCover,21,3,2
books_source_repo,com.sismics.books.rest.resource,BookResource,list,52,6,7
books_source_repo,com.sismics.books.rest.resource,BookResource,importFile,31,3,1
books_source_repo,com.sismics.books.rest.resource,BookResource,read,11,2,2
books_source_repo,com.sismics.books.rest.resource,ConnectResource,list,19,3,0
books_source_repo,com.sismics.books.rest.resource,ConnectResource,add,41,3,2
books_source_repo,com.sismics.books.rest.resource,ConnectResource,remove,11,2,1
books_source_repo,com.sismics.books.rest.resource,ConnectResource,update,16,3,2
books_source_repo,com.sismics.books.rest.resource,ConnectResource,contactList,30,4,4
books_source_repo,com.sismics.books.rest.resource,ConnectResource,getAppId,10,1,1
books_source_repo,com.sismics.books.rest.resource,LocaleResource,list,13,2,0
books_source_repo,com.sismics.books.rest.resource,TagResource,list,18,3,0
books_source_repo,com.sismics.books.rest.resource,TagResource,add,23,4,2
books_source_repo,com.sismics.books.rest.resource,TagResource,update,28,7,3
books_source_repo,com.sismics.books.rest.resource,TagResource,delete,14,3,1
books_source_repo,com.sismics.books.rest.resource,TextPlainMessageBodyWriter,isWriteable,3,1,4
books_source_repo,com.sismics.books.rest.resource,TextPlainMessageBodyWriter,getSize,3,1,5
books_source_repo,com.sismics.books.rest.resource,TextPlainMessageBodyWriter,writeTo,10,1,7
books_source_repo,com.sismics.books.rest.resource,ThemeResource,list,13,2,0
books_source_repo,com.sismics.books.rest.resource,UserResource,register,33,3,4
books_source_repo,com.sismics.books.rest.resource,UserResource,update,31,7,5
books_source_repo,com.sismics.books.rest.resource,UserResource,update,32,7,5
books_source_repo,com.sismics.books.rest.resource,UserResource,checkUsername,13,2,1
books_source_repo,com.sismics.books.rest.resource,UserResource,login,19,2,3
books_source_repo,com.sismics.books.rest.resource,UserResource,logout,30,7,0
books_source_repo,com.sismics.books.rest.resource,UserResource,delete,13,3,0
books_source_repo,com.sismics.books.rest.resource,UserResource,delete,20,4,1
books_source_repo,com.sismics.books.rest.resource,UserResource,info,25,3,0
books_source_repo,com.sismics.books.rest.resource,UserResource,view,17,3,1
books_source_repo,com.sismics.books.rest.resource,UserResource,list,23,3,4
books_source_repo,com.sismics.books.rest.resource,UserResource,session,27,7,0
books_source_repo,com.sismics.books.rest.resource,UserResource,deleteSession,18,5,0
books_source_repo,com.sismics.books.rest.model,FacebookUser,FacebookUser,6,1,4
books_source_repo,com.sismics.books.rest,TestAppResource,testAppResource,22,1,0
books_source_repo,com.sismics.books.rest,TestAppResource,testLogResource,25,1,0
books_source_repo,com.sismics.books.rest,TestBookResource,testBookResource,151,1,0
books_source_repo,com.sismics.books.rest,TestBookResource,testBookImportResource,31,1,0
books_source_repo,com.sismics.books.rest,TestConnectResource,testListApp,12,1,0
books_source_repo,com.sismics.books.rest,TestConnectResource,testFacebook,122,1,0
books_source_repo,com.sismics.books.rest,TestLocaleResource,testLocaleResource,9,1,0
books_source_repo,com.sismics.books.rest,TestSecurity,testSecurity,37,1,0
books_source_repo,com.sismics.books.rest,TestTagResource,testTagResource,86,1,0
books_source_repo,com.sismics.books.rest,TestThemeResource,testThemeResource,9,1,0
books_source_repo,com.sismics.books.rest,TestUserResource,testUserResource,153,1,0
books_source_repo,com.sismics.books.rest,TestUserResource,testUserResourceAdmin,63,1,0
books_source_repo,com.sismics.books.rest,BaseJerseyTest,BaseJerseyTest,4,1,0
books_source_repo,com.sismics.books.rest,BaseJerseyTest,setUp,7,1,0
books_source_repo,com.sismics.books.rest,BaseJerseyTest,tearDown,4,1,0
books_source_repo,com.sismics.rest.exception,ClientException,ClientException,4,1,3
books_source_repo,com.sismics.rest.exception,ClientException,ClientException,3,1,2
books_source_repo,com.sismics.rest.exception,ForbiddenClientException,ForbiddenClientException,3,1,0
books_source_repo,com.sismics.rest.exception,ServerException,ServerException,4,1,3
books_source_repo,com.sismics.rest.exception,ServerException,ServerException,3,1,2
books_source_repo,com.sismics.rest.resource,GenericExceptionMapper,toResponse,15,2,1
books_source_repo,com.sismics.rest.util,JsonUtil,append,19,4,3
books_source_repo,com.sismics.rest.util,ValidationUtil,validateRequired,5,2,2
books_source_repo,com.sismics.rest.util,ValidationUtil,validateLength,16,5,5
books_source_repo,com.sismics.rest.util,ValidationUtil,validateLength,3,1,4
books_source_repo,com.sismics.rest.util,ValidationUtil,validateStringNotBlank,3,1,2
books_source_repo,com.sismics.rest.util,ValidationUtil,validateHexColor,3,1,3
books_source_repo,com.sismics.rest.util,ValidationUtil,validateEmail,5,2,2
books_source_repo,com.sismics.rest.util,ValidationUtil,validateHttpUrl,7,2,2
books_source_repo,com.sismics.rest.util,ValidationUtil,validateAlphanumeric,5,2,2
books_source_repo,com.sismics.rest.util,ValidationUtil,validateDate,16,3,3
books_source_repo,com.sismics.rest.util,ValidationUtil,validateLocale,17,4,3
books_source_repo,com.sismics.rest.util,ValidationUtil,validateTheme,17,4,3
books_source_repo,com.sismics.security,AnonymousPrincipal,AnonymousPrincipal,2,1,0
books_source_repo,com.sismics.security,AnonymousPrincipal,getId,3,1,0
books_source_repo,com.sismics.security,AnonymousPrincipal,getName,3,1,0
books_source_repo,com.sismics.security,AnonymousPrincipal,isAnonymous,3,1,0
books_source_repo,com.sismics.security,AnonymousPrincipal,getLocale,3,1,0
books_source_repo,com.sismics.security,AnonymousPrincipal,setLocale,3,1,1
books_source_repo,com.sismics.security,AnonymousPrincipal,getDateTimeZone,3,1,0
books_source_repo,com.sismics.security,AnonymousPrincipal,getEmail,3,1,0
books_source_repo,com.sismics.security,AnonymousPrincipal,setDateTimeZone,3,1,1
books_source_repo,com.sismics.security,IPrincipal,isAnonymous,0,1,0
books_source_repo,com.sismics.security,IPrincipal,getId,0,1,0
books_source_repo,com.sismics.security,IPrincipal,getLocale,0,1,0
books_source_repo,com.sismics.security,IPrincipal,getDateTimeZone,0,1,0
books_source_repo,com.sismics.security,IPrincipal,getEmail,0,1,0
books_source_repo,com.sismics.security,UserPrincipal,UserPrincipal,4,1,2
books_source_repo,com.sismics.security,UserPrincipal,isAnonymous,3,1,0
books_source_repo,com.sismics.security,UserPrincipal,getId,3,1,0
books_source_repo,com.sismics.security,UserPrincipal,setId,3,1,1
books_source_repo,com.sismics.security,UserPrincipal,getName,3,1,0
books_source_repo,com.sismics.security,UserPrincipal,setName,3,1,1
books_source_repo,com.sismics.security,UserPrincipal,getLocale,3,1,0
books_source_repo,com.sismics.security,UserPrincipal,setLocale,3,1,1
books_source_repo,com.sismics.security,UserPrincipal,getDateTimeZone,3,1,0
books_source_repo,com.sismics.security,UserPrincipal,setDateTimeZone,3,1,1
books_source_repo,com.sismics.security,UserPrincipal,getEmail,3,1,0
books_source_repo,com.sismics.security,UserPrincipal,setEmail,3,1,1
books_source_repo,com.sismics.security,UserPrincipal,getBaseFunctionSet,3,1,0
books_source_repo,com.sismics.security,UserPrincipal,setBaseFunctionSet,3,1,1
books_source_repo,com.sismics.util.filter,RequestContextFilter,init,31,2,1
books_source_repo,com.sismics.util.filter,RequestContextFilter,run,3,1,0
books_source_repo,com.sismics.util.filter,RequestContextFilter,destroy,2,1,0
books_source_repo,com.sismics.util.filter,RequestContextFilter,doFilter,59,7,3
books_source_repo,com.sismics.util.filter,TokenBasedSecurityFilter,init,2,1,1
books_source_repo,com.sismics.util.filter,TokenBasedSecurityFilter,destroy,2,1,0
books_source_repo,com.sismics.util.filter,TokenBasedSecurityFilter,doFilter,44,9,3
books_source_repo,com.sismics.util.filter,TokenBasedSecurityFilter,isTokenExpired,11,2,1
books_source_repo,com.sismics.util.filter,TokenBasedSecurityFilter,injectAuthenticatedUser,9,1,2
books_source_repo,com.sismics.util.filter,TokenBasedSecurityFilter,injectAnonymousUser,6,1,1
books_source_repo,com.sismics.books.rest.descriptor,JerseyTestWebAppDescriptorFactory,build,5,1,0
books_source_repo,com.sismics.books.rest.filter,CookieAuthenticationFilter,CookieAuthenticationFilter,3,1,1
books_source_repo,com.sismics.books.rest.filter,CookieAuthenticationFilter,handle,13,3,1
books_source_repo,com.sismics.books.rest.util,ClientUtil,ClientUtil,3,1,1
books_source_repo,com.sismics.books.rest.util,ClientUtil,createUser,13,1,1
books_source_repo,com.sismics.books.rest.util,ClientUtil,login,10,1,3
books_source_repo,com.sismics.books.rest.util,ClientUtil,login,3,1,1
books_source_repo,com.sismics.books.rest.util,ClientUtil,logout,6,1,1
books_source_repo,com.sismics.books.rest.util,ClientUtil,getAuthenticationCookie,9,3,1
books_source_repo,com.sismics.books.rest.util,TestValidationUtil,testValidateHttpUrlFail,17,1,0
